date,weekday,start_time,end_time,start_datetime,end_datetime,duration_h,event,color,event_type
2025-08-20,Wednesday,10:00,17:00,2025-08-20T10:00:00+02:00,2025-08-20T17:00:00+02:00,7.0,Armazoen,Rood,activity
2025-08-20,Wednesday,10:00,18:00,2025-08-20T10:00:00+02:00,2025-08-20T18:00:00+02:00,8.0,SAIL Kids Club,Oranje,activity
2025-08-20,Wednesday,10:00,19:00,2025-08-20T10:00:00+02:00,2025-08-20T19:00:00+02:00,9.0,SAIL-In Parade,Oranje,ship_movement
2025-08-20,Wednesday,10:00,20:00,2025-08-20T10:00:00+02:00,2025-08-20T20:00:00+02:00,10.0,Marine Roadshow,Oranje,activity
2025-08-20,Wednesday,10:00,22:00,2025-08-20T10:00:00+02:00,2025-08-20T22:00:00+02:00,12.0,SAIL Adventure Seats,Oranje,activity
2025-08-20,Wednesday,10:00,22:00,2025-08-20T10:00:00+02:00,2025-08-20T22:00:00+02:00,12.0,SAIL Reuzenrad,Oranje,activity
2025-08-20,Wednesday,12:00,21:00,2025-08-20T12:00:00+02:00,2025-08-20T21:00:00+02:00,9.0,Kaap de Groene Hoop festival,Groen,activity
2025-08-20,Wednesday,12:00,21:00,2025-08-20T12:00:00+02:00,2025-08-20T21:00:00+02:00,9.0,SAIL Horizons,Groen,activity
2025-08-20,Wednesday,13:00,23:00,2025-08-20T13:00:00+02:00,2025-08-20T23:00:00+02:00,10.0,Schepen ontdekken,Oranje,activity
2025-08-20,Wednesday,14:00,18:00,2025-08-20T14:00:00+02:00,2025-08-20T18:00:00+02:00,4.0,Saluut Protocollair,Wit,ship_movement
2025-08-20,Wednesday,14:00,18:00,2025-08-20T14:00:00+02:00,2025-08-20T18:00:00+02:00,4.0,Sit-down Café,Wit,activity
2025-08-20,Wednesday,16:00,18:00,2025-08-20T16:00:00+02:00,2025-08-20T18:00:00+02:00,2.0,Podium IJplein,Oranje,stage
2025-08-20,Wednesday,16:00,20:00,2025-08-20T16:00:00+02:00,2025-08-20T20:00:00+02:00,4.0,Podium Bogortuin,Oranje,stage
2025-08-20,Wednesday,16:00,22:30,2025-08-20T16:00:00+02:00,2025-08-20T22:30:00+02:00,6.5,Podium Kop van Java,Oranje,stage
2025-08-20,Wednesday,19:00,22:30,2025-08-20T19:00:00+02:00,2025-08-20T22:30:00+02:00,3.5,SAIL On Stage,Groen,stage
2025-08-20,Wednesday,22:30,22:45,2025-08-20T22:30:00+02:00,2025-08-20T22:45:00+02:00,0.25,Avondshow: Waves of Light,Wit,evening_show
2025-08-21,Thursday,08:00,12:00,2025-08-21T08:00:00+02:00,2025-08-21T12:00:00+02:00,4.0,Varend Erfgoed: Vlootschouw,Oranje,ship_movement
2025-08-21,Thursday,09:00,21:00,2025-08-21T09:00:00+02:00,2025-08-21T21:00:00+02:00,12.0,SAILSation,Oranje,activity
2025-08-21,Thursday,10:00,17:00,2025-08-21T10:00:00+02:00,2025-08-21T17:00:00+02:00,7.0,DAMEN Experience,Groen,activity
2025-08-21,Thursday,10:00,18:00,2025-08-21T10:00:00+02:00,2025-08-21T18:00:00+02:00,8.0,SAIL Kids Club,Oranje,activity
2025-08-21,Thursday,10:00,20:00,2025-08-21T10:00:00+02:00,2025-08-21T20:00:00+02:00,10.0,Marine Roadshow,Oranje,activity
2025-08-21,Thursday,10:00,22:00,2025-08-21T10:00:00+02:00,2025-08-21T22:00:00+02:00,12.0,SAIL Adventure Seats,Oranje,activity
2025-08-21,Thursday,10:00,22:00,2025-08-21T10:00:00+02:00,2025-08-21T22:00:00+02:00,12.0,SAIL Reuzenrad,Oranje,activity
2025-08-21,Thursday,10:00,23:00,2025-08-21T10:00:00+02:00,2025-08-21T23:00:00+02:00,13.0,Schepen ontdekken,Oranje,activity
2025-08-21,Thursday,12:00,18:00,2025-08-21T12:00:00+02:00,2025-08-21T18:00:00+02:00,6.0,Podium IJplein,Oranje,stage
2025-08-21,Thursday,12:00,20:00,2025-08-21T12:00:00+02:00,2025-08-21T20:00:00+02:00,8.0,Podium Bogortuin,Oranje,stage
2025-08-21,Thursday,12:00,21:00,2025-08-21T12:00:00+02:00,2025-08-21T21:00:00+02:00,9.0,Kaap de Groene Hoop festival,Groen,activity
2025-08-21,Thursday,12:00,21:00,2025-08-21T12:00:00+02:00,2025-08-21T21:00:00+02:00,9.0,SAIL Horizons,Groen,activity
2025-08-21,Thursday,13:00,17:00,2025-08-21T13:00:00+02:00,2025-08-21T17:00:00+02:00,4.0,Pieremachocheltocht,Oranje,activity
2025-08-21,Thursday,13:00,21:00,2025-08-21T13:00:00+02:00,2025-08-21T21:00:00+02:00,8.0,Dinner by the DAMEN Dock,Groen,activity
2025-08-21,Thursday,13:00,21:00,2025-08-21T13:00:00+02:00,2025-08-21T21:00:00+02:00,8.0,Sit-down Café,Wit,activity
2025-08-21,Thursday,13:00,22:30,2025-08-21T13:00:00+02:00,2025-08-21T22:30:00+02:00,9.5,Podium Kop van Java,Oranje,stage
2025-08-21,Thursday,19:00,22:30,2025-08-21T19:00:00+02:00,2025-08-21T22:30:00+02:00,3.5,SAIL On Stage,Groen,stage
2025-08-21,Thursday,22:30,22:45,2025-08-21T22:30:00+02:00,2025-08-21T22:45:00+02:00,0.25,Avondshow: Waves of Light,Wit,evening_show
2025-08-22,Friday,09:00,21:00,2025-08-22T09:00:00+02:00,2025-08-22T21:00:00+02:00,12.0,SAILSation,Oranje,activity
2025-08-22,Friday,10:00,12:30,2025-08-22T10:00:00+02:00,2025-08-22T12:30:00+02:00,2.5,IJveren Defilé,Oranje,ship_movement
2025-08-22,Friday,10:00,14:00,2025-08-22T10:00:00+02:00,2025-08-22T14:00:00+02:00,4.0,Varend Erfgoed: Grachtentocht,Oranje,ship_movement
2025-08-22,Friday,10:00,17:00,2025-08-22T10:00:00+02:00,2025-08-22T17:00:00+02:00,7.0,Armazoen,Rood,activity
2025-08-22,Friday,10:00,17:00,2025-08-22T10:00:00+02:00,2025-08-22T17:00:00+02:00,7.0,DAMEN Experience,Groen,activity
2025-08-22,Friday,10:00,18:00,2025-08-22T10:00:00+02:00,2025-08-22T18:00:00+02:00,8.0,SAIL Kids Club,Oranje,activity
2025-08-22,Friday,10:00,20:00,2025-08-22T10:00:00+02:00,2025-08-22T20:00:00+02:00,10.0,Marine Roadshow,Oranje,activity
2025-08-22,Friday,10:00,22:00,2025-08-22T10:00:00+02:00,2025-08-22T22:00:00+02:00,12.0,SAIL Adventure Seats,Oranje,activity
2025-08-22,Friday,10:00,22:00,2025-08-22T10:00:00+02:00,2025-08-22T22:00:00+02:00,12.0,SAIL Reuzenrad,Oranje,activity
2025-08-22,Friday,10:00,23:00,2025-08-22T10:00:00+02:00,2025-08-22T23:00:00+02:00,13.0,Schepen ontdekken,Oranje,activity
2025-08-22,Friday,12:00,18:00,2025-08-22T12:00:00+02:00,2025-08-22T18:00:00+02:00,6.0,Podium IJplein,Oranje,stage
2025-08-22,Friday,12:00,20:00,2025-08-22T12:00:00+02:00,2025-08-22T20:00:00+02:00,8.0,Podium Bogortuin,Oranje,stage
2025-08-22,Friday,12:00,21:00,2025-08-22T12:00:00+02:00,2025-08-22T21:00:00+02:00,9.0,Kaap de Groene Hoop festival,Groen,activity
2025-08-22,Friday,12:00,21:00,2025-08-22T12:00:00+02:00,2025-08-22T21:00:00+02:00,9.0,SAIL Horizons,Groen,activity
2025-08-22,Friday,13:00,21:00,2025-08-22T13:00:00+02:00,2025-08-22T21:00:00+02:00,8.0,Dinner by the DAMEN Dock,Groen,activity
2025-08-22,Friday,13:00,21:00,2025-08-22T13:00:00+02:00,2025-08-22T21:00:00+02:00,8.0,Sit-down Café,Wit,activity
2025-08-22,Friday,13:00,22:30,2025-08-22T13:00:00+02:00,2025-08-22T22:30:00+02:00,9.5,Podium Kop van Java,Oranje,stage
2025-08-22,Friday,15:00,17:00,2025-08-22T15:00:00+02:00,2025-08-22T17:00:00+02:00,2.0,Crew Parade,Oranje,crew_parade
2025-08-22,Friday,19:00,22:30,2025-08-22T19:00:00+02:00,2025-08-22T22:30:00+02:00,3.5,SAIL On Stage,Groen,stage
2025-08-22,Friday,22:30,22:45,2025-08-22T22:30:00+02:00,2025-08-22T22:45:00+02:00,0.25,Avondshow: Waves of Light,Wit,evening_show
2025-08-23,Saturday,09:00,21:00,2025-08-23T09:00:00+02:00,2025-08-23T21:00:00+02:00,12.0,SAILSation,Oranje,activity
2025-08-23,Saturday,10:00,17:00,2025-08-23T10:00:00+02:00,2025-08-23T17:00:00+02:00,7.0,Armazoen,Rood,activity
2025-08-23,Saturday,10:00,17:00,2025-08-23T10:00:00+02:00,2025-08-23T17:00:00+02:00,7.0,DAMEN Experience,Groen,activity
2025-08-23,Saturday,10:00,18:00,2025-08-23T10:00:00+02:00,2025-08-23T18:00:00+02:00,8.0,Podium IJplein,Oranje,stage
2025-08-23,Saturday,10:00,18:00,2025-08-23T10:00:00+02:00,2025-08-23T18:00:00+02:00,8.0,SAIL Kids Club,Oranje,activity
2025-08-23,Saturday,10:00,20:00,2025-08-23T10:00:00+02:00,2025-08-23T20:00:00+02:00,10.0,Podium Bogortuin,Oranje,stage
2025-08-23,Saturday,10:00,22:00,2025-08-23T10:00:00+02:00,2025-08-23T22:00:00+02:00,12.0,SAIL Adventure Seats,Oranje,activity
2025-08-23,Saturday,10:00,22:00,2025-08-23T10:00:00+02:00,2025-08-23T22:00:00+02:00,12.0,SAIL Reuzenrad,Oranje,activity
2025-08-23,Saturday,10:00,23:00,2025-08-23T10:00:00+02:00,2025-08-23T23:00:00+02:00,13.0,Schepen ontdekken,Oranje,activity
2025-08-23,Saturday,11:00,22:30,2025-08-23T11:00:00+02:00,2025-08-23T22:30:00+02:00,11.5,Podium Kop van Java,Oranje,stage
2025-08-23,Saturday,12:00,21:00,2025-08-23T12:00:00+02:00,2025-08-23T21:00:00+02:00,9.0,Kaap de Groene Hoop festival,Groen,activity
2025-08-23,Saturday,12:00,21:00,2025-08-23T12:00:00+02:00,2025-08-23T21:00:00+02:00,9.0,SAIL Horizons,Groen,activity
2025-08-23,Saturday,13:00,21:00,2025-08-23T13:00:00+02:00,2025-08-23T21:00:00+02:00,8.0,Dinner by the DAMEN Dock,Groen,activity
2025-08-23,Saturday,13:00,21:00,2025-08-23T13:00:00+02:00,2025-08-23T21:00:00+02:00,8.0,Sit-down Café,Wit,activity
2025-08-23,Saturday,18:00,22:30,2025-08-23T18:00:00+02:00,2025-08-23T22:30:00+02:00,4.5,SAIL On Stage,Groen,stage
2025-08-23,Saturday,22:30,22:45,2025-08-23T22:30:00+02:00,2025-08-23T22:45:00+02:00,0.25,Avondshow: Waves of Light,Wit,evening_show
2025-08-24,Sunday,09:00,13:00,2025-08-24T09:00:00+02:00,2025-08-24T13:00:00+02:00,4.0,SAILSation,Oranje,activity
2025-08-24,Sunday,10:00,12:00,2025-08-24T10:00:00+02:00,2025-08-24T12:00:00+02:00,2.0,Schepen ontdekken,Oranje,activity
2025-08-24,Sunday,10:00,12:30,2025-08-24T10:00:00+02:00,2025-08-24T12:30:00+02:00,2.5,Varend Erfgoed: Admiraalzeilen,Oranje,ship_movement
2025-08-24,Sunday,10:00,14:00,2025-08-24T10:00:00+02:00,2025-08-24T14:00:00+02:00,4.0,Sit-down Café,Wit,activity
2025-08-24,Sunday,10:00,16:00,2025-08-24T10:00:00+02:00,2025-08-24T16:00:00+02:00,6.0,Podium Bogortuin,Oranje,stage
2025-08-24,Sunday,10:00,16:00,2025-08-24T10:00:00+02:00,2025-08-24T16:00:00+02:00,6.0,Podium IJplein,Oranje,stage
2025-08-24,Sunday,10:00,17:00,2025-08-24T10:00:00+02:00,2025-08-24T17:00:00+02:00,7.0,Armazoen,Rood,activity
2025-08-24,Sunday,10:00,17:00,2025-08-24T10:00:00+02:00,2025-08-24T17:00:00+02:00,7.0,SAIL Kids Club,Oranje,activity
2025-08-24,Sunday,10:00,18:00,2025-08-24T10:00:00+02:00,2025-08-24T18:00:00+02:00,8.0,SAIL Adventure Seats,Oranje,activity
2025-08-24,Sunday,10:00,18:00,2025-08-24T10:00:00+02:00,2025-08-24T18:00:00+02:00,8.0,SAIL Reuzenrad,Oranje,activity
2025-08-24,Sunday,11:00,16:00,2025-08-24T11:00:00+02:00,2025-08-24T16:00:00+02:00,5.0,Podium Kop van Java,Oranje,stage
2025-08-24,Sunday,12:00,18:00,2025-08-24T12:00:00+02:00,2025-08-24T18:00:00+02:00,6.0,Kaap de Groene Hoop festival,Groen,activity
2025-08-24,Sunday,12:00,18:00,2025-08-24T12:00:00+02:00,2025-08-24T18:00:00+02:00,6.0,SAIL Horizons,Groen,activity
2025-08-24,Sunday,13:00,21:00,2025-08-24T13:00:00+02:00,2025-08-24T21:00:00+02:00,8.0,Sit-down Café,Wit,activity
2025-08-24,Sunday,14:00,19:00,2025-08-24T14:00:00+02:00,2025-08-24T19:00:00+02:00,5.0,SAIL-Out Parade,Oranje,ship_movement
